step,actor/distillation/loss,actor/distillation/abs_loss,actor/grad_norm,actor/lr,perf/mfu/actor,timing_s/gen,timing_s/update_actor,timing_s/update_weights,timing_s/step,perf/total_num_tokens,perf/throughput,response_length/mean,response_length/max,response_length/clip_ratio,training/num_turns/mean,training/off_policy/trajectory_staleness/mean,training/off_policy/trajectory_staleness/max
1,0.2015702836215496,0.2015690617263317,4.52153205871582,1e-06,0.0060226999000624094,0.02446414320729673,150.2780407341197,5.759535179939121,262.4316831328906,74857,35.655469980969194,71.0625,86,0.03125,3,0,0
2,0.12205402739346027,0.12228439375758171,3.5375375747680664,1e-06,0.015486030676709605,0.02608007099479437,82.90483635407872,4.136523640016094,102.23232106119394,105718,129.2619580855447,1018.78125,2554,0.03125,4,0,0
3,0.15531114488840103,0.15511851757764816,3.6434988975524902,1e-06,0.025812983070121757,0.02494676085188985,44.11404462181963,7.173168634995818,67.16797512792982,93824,174.6070203495424,635.03125,2524,0.03125,4,0,0
4,0.11278576031327248,0.11328713099161784,2.737759828567505,1e-06,0.03520238760697511,0.02525881491601467,48.15301623684354,8.133669043891132,76.30244501493871,138698,227.21748951302496,2060.3125,10133,0.03125,5,0,0
5,0.12712746858596802,0.1270163394510746,2.680126905441284,1e-06,0.03098082499911013,0.023893635952845216,47.69472130318172,7.281231724191457,71.34698700695299,121389,212.6736620079175,1529.75,3150,0.03125,5,0,0
6,0.11998339369893074,0.12209463305771351,2.6061885356903076,1e-06,0.04383222812486393,0.0246284871827811,61.86575195007026,3.839481265982613,95.16858496097848,219141,287.8326394285642,4538.09375,13639,0.03125,6,0,0
7,0.11850377358496189,0.11972972564399242,2.740826368331909,1e-06,0.1488944932222474,0.024322977988049388,16.828533604973927,3.5538093019276857,57.278292283881456,202422,441.75112404879405,4061.34375,13006,0.03125,6,0,0
8,0.10696377884596586,0.1069549098610878,2.1899771690368652,1e-06,0.05177091787517244,0.024265280924737453,58.232622449984774,3.239985754014924,105.45203565713018,243658,288.8256239929743,5361.6875,9539,0.03125,7,0,0
9,0.11141291400417686,0.11423617899417877,1.7535560131072998,1e-06,0.15184707168778852,0.0255601960234344,22.387668004026636,4.978249866981059,53.84269991097972,272860,633.4656333428912,6194.03125,17063,0.03125,7,0,0
10,0.11346335429698229,0.11617036312818527,1.8050795793533325,1e-06,0.1546910909252227,0.02406011801213026,22.855081049958244,3.6038287670817226,90.58505162107758,282498,389.8242521041236,6561,16085,0.03125,8,0,0
11,0.11884572776034474,0.1214117482304573,1.5305888652801514,1e-06,0.08645272280016722,0.02855246583931148,36.53697319421917,4.505001975921914,99.32818567799404,254115,319.7921595283637,5681.46875,15630,0.03125,8,0,0
12,0.09725410677492619,0.1088312529027462,1.4556918144226074,1e-06,0.15123874373134996,0.025444350205361843,27.94875249103643,4.126798301003873,78.4319394081831,336227,535.8579083614376,8206.53125,18596,0.03125,9,0,0
13,0.10808754106983542,0.10957670832673709,1.1695120334625244,1e-06,0.15211464839685657,0.024046560050919652,27.008502346929163,6.298668832052499,91.96636520302854,326316,443.52628170039674,7899.375,23187,0.03125,9,0,0
14,0.09751167194917798,0.1070209126919508,1.1102735996246338,1e-06,0.09608073243287257,0.024707550881430507,40.269653321942315,4.743743812199682,336.153699148912,309183,114.97084547292,7370.375,18183,0.03125,10,0,0
15,0.11081352410838008,0.11107588745653629,1.1788665056228638,1e-06,0.15084866433374522,0.024574365932494402,26.429944087052718,4.3436045199632645,117.11713469680399,317262,338.6161222494647,7652.125,23263,0.03125,10,0,0
16,0.03985875332728028,0.08603705267887563,0.43908771872520447,1e-06,0.10717259074406582,0.02410809393040836,53.5654332479462,4.4907298379112035,305.448589543812,446407,182.68499809849737,11672.09375,30566,0.03125,10.8125,0,0
17,0.08980889525264502,0.09836120344698429,1.0228302478790283,1e-06,0.06851497530943922,144.21863784710877,65.6482362439856,6.676968750078231,221.49984295200557,357716,201.87147495941434,8888.46875,22018,0.03125,11,0,0
18,0.09610364120453596,0.10643150545656681,1.0348314046859741,1e-06,0.15609846099432334,14.08650250500068,24.142735414905474,5.492659776005894,43.79606605111621,301572,860.7279922357146,7159.71875,14727,0.03125,11,0.96875,1
19,0.0941938126925379,0.10406125957767169,0.9116580486297607,1e-06,0.15250616203295078,38.11276521580294,28.24890254298225,5.494083625031635,71.92456115689129,342915,595.9629688459079,8447,20339,0.03125,12,0.84375,1
20,0.03118608199292794,0.07248535385588184,0.31569552421569824,1e-06,0.14998836876029895,188.29042578488588,39.73692809487693,4.058338128961623,232.16780406795442,461771,248.61920554283756,12154.09375,30581,0.03125,11.46875,0.75,1
21,0.047902912308927625,0.08398918807506561,0.35684651136398315,1e-06,0.15049171162958466,134.23435313813388,41.26000298606232,4.0410094580147415,179.61152176489122,482257,335.62504458321104,12808.6875,30578,0.03125,12.40625,0.84375,1
22,0.04140220052795485,0.0780894460289606,0.3927227556705475,1e-06,0.1494340702534441,156.25016357796267,36.43250382388942,5.873143767006695,198.65035644406453,425122,267.5064417262352,10945.4375,30529,0.03125,12.5625,0.875,1
23,0.03113091445993632,0.058827433476431504,0.29169851541519165,1e-06,0.15152899422457736,164.24506868887693,44.91247430513613,3.836269133957103,213.06946732616052,523745,307.26187952487487,14079.6875,30561,0.03125,13.0625,0.6875,1
24,0.0500906715169549,0.06749299671500922,0.2636793553829193,1e-06,0.1503932257373043,144.2314993541222,49.459332067053765,3.212595809949562,196.99591464689001,571880,362.8755455570486,15610.03125,30572,0.03125,12.5625,0.6875,1
25,0.0348924717400223,0.0618001107359305,0.30996695160865784,1e-06,0.15119809885346858,150.24685073597357,41.23595083504915,8.538880720036104,200.09855356393382,483061,301.7644252021394,12813.6875,30533,0.03125,14.09375,0.78125,1
26,0.029707973822951317,0.04812815641476349,0.1995662897825241,1e-06,0.15045209689919412,166.2507068470586,54.6677373428829,7.853598162997514,228.85431955917738,625347,341.5639047170667,17256.375,30571,0.03125,13.59375,0.5625,1
27,0.028699228045297787,0.05401773081923073,0.2017897069454193,1e-06,0.09250917391100871,148.23098098719493,90.62351361196488,4.750225733034313,243.68111642403528,636526,326.515862893314,17605.84375,30578,0.03125,13.8125,0.5625,1
28,0.03682753711473197,0.06112353823846206,0.31611087918281555,1e-06,0.15342136015128988,102.18687374284491,41.45939997094683,4.4683190861251205,148.20017125993036,491465,414.5280297433097,13086.1875,30578,0.03125,15.3125,0.8125,1
29,0.02659360590041615,0.05697198641825129,0.23365826904773712,1e-06,0.11881499669116857,158.23477937304415,66.26404116488993,6.115109708160162,230.68943020910956,603024,326.750991285874,16564.5625,30554,0.03125,15.125,0.625,1
30,0.02625617681769654,0.039367364579811694,0.19284357130527496,1e-06,0.15527011680596678,136.22443281300366,55.08640590799041,6.008029086980969,197.39751513395458,649738,411.440082945754,18000.46875,30573,0.03125,14.40625,0.5625,1
31,0.02479542652145028,0.04341463390737772,0.17810973525047302,1e-06,0.15207646883301773,150.23442015401088,52.98892249795608,4.35764213395305,207.65620078495704,614218,369.732518026314,16937.65625,30596,0.03125,15,0.5625,1
32,0.031080773565918207,0.047029016497121615,0.18723882734775543,1e-06,0.1501119189569997,164.47650852403603,56.723794501973316,3.7969114610459656,225.10806003492326,647621,359.61673245925095,17949,30571,0.03125,15.71875,0.53125,1
33,0.023796862573362887,0.0372485084614406,0.2636622488498688,1e-06,0.15175366478189442,158.24531354103237,64.52011498692445,4.062864935956895,226.91978220106103,740670,408.0021102698163,20884.46875,30563,0.03125,16.25,0.46875,1
34,0.027750269102398306,0.04630567665056636,0.21319228410720825,1e-06,0.15066330614815757,148.24514825409278,57.317323175957426,9.931313038803637,215.58034333400428,659072,382.14986916669073,18311.40625,30567,0.03125,17.375,0.5625,1
35,0.02479131775908172,0.04395930368142823,0.1632319837808609,1e-06,0.15090417801003558,162.2480274741538,63.43313033902086,8.716908341040835,234.47971517918631,724376,386.16133566524155,20330.625,30611,0.03125,15.59375,0.5,1
36,0.023651703959330916,0.03949315922165459,0.16473069787025452,1e-06,0.15424141610228415,148.23080079909414,60.454874088056386,6.019821227993816,214.78776450711302,705963,410.8491710526538,19788.40625,30557,0.03125,16.4375,0.5,1
37,0.025522836484014988,0.03943510761914345,0.17106115818023682,1e-06,0.1518090882001049,158.24586989288218,67.21923132194206,3.7075833019334823,229.25715911993757,771010,420.38490911239137,21800.65625,30609,0.03125,17.25,0.4375,1
38,0.03080945077817887,0.05327871630045896,0.2242060750722885,1e-06,0.1514713730129375,130.21069815405644,58.51290119602345,5.673247660975903,194.48531843489036,675212,433.9736319389881,18844.90625,30615,0.03125,18.90625,0.625,1
39,0.03071964025730267,0.04947587117468091,0.22374270856380463,1e-06,0.14869459494748563,154.2603511819616,54.95571153284982,6.706896216841415,216.0011645341292,624298,361.2816170149386,17235,30593,0.03125,18.78125,0.59375,1
40,0.02783742395695299,0.04058264091145247,0.18359844386577606,1e-06,0.15266931016457508,152.2406716728583,64.8069755260367,7.253095766995102,224.3795228379313,748669,417.0773866365479,21109.5625,30623,0.03125,19.03125,0.40625,1
41,0.036253311089240015,0.057846143213100734,0.25762492418289185,1e-06,0.1535454755565484,134.77676216699183,49.39289396791719,3.342707513133064,187.5985447820276,583248,388.6277480708079,15931.4375,30600,0.03125,20,0.71875,1
42,0.028411439154297113,0.04062421963765071,0.18257972598075867,1e-06,0.15004541643479374,174.28658286994323,69.35391068505123,5.371930077206343,249.09778800606728,787084,394.96737721975927,22320.1875,30566,0.03125,18.875,0.34375,1
43,0.0368755673407577,0.050725675907663324,0.25537896156311035,1e-06,0.1538912326062457,136.2331021479331,54.302804151084274,5.176728099118918,195.8050015841145,639709,408.3839756547229,17713.71875,30578,0.03125,20.53125,0.59375,1
44,0.03318023157771677,0.059923499395760395,0.2200644314289093,1e-06,0.1463434651519013,160.24921706598252,56.73941819393076,3.1711439199279994,220.237655172823,633934,359.8010973092594,17535.25,30571,0.03125,20.5625,0.625,1
45,0.03209819074254483,0.04737105579503501,0.2693227529525757,1e-06,0.15222358684785828,158.25771179609,60.69289587880485,7.277485161088407,226.3117173379287,703708,388.68292386581504,19715.90625,30584,0.03125,21.3125,0.28125,1
46,0.031247060047462583,0.04495645718028148,0.23529575765132904,1e-06,0.1506501191426651,154.2418940938078,64.13422114192508,6.46823917911388,224.92198498896323,733259,407.5074075328722,20614.40625,30572,0.0625,19,0.40625,1
47,0.03528191632358357,0.047810809686779976,0.22240754961967468,1e-06,0.1513244665378623,136.2245371111203,62.03965428494848,4.638125868048519,202.98159442702308,715232,440.45372809475566,20052.40625,30588,0.03125,23.46875,0.4375,1
48,0.027446917782071978,0.03968215131988892,0.1668386161327362,1e-06,0.15139977278310035,182.5457858191803,71.55308450199664,7.9978729381691664,262.21187721099705,817368,389.6505417173948,23269.625,30578,0.0625,21.03125,0.40625,1
49,0.040698238532058895,0.057328549891032955,0.2525380849838257,1e-06,0.1536371368875597,122.23751897201873,56.42791111883707,6.3775771469809115,185.13181662606075,662908,447.5918916053861,18438.0625,30576,0.03125,23.5625,0.625,1
50,0.03290582910994999,0.045828181820420116,0.1885545551776886,1e-06,0.15185547708800176,190.27447973680682,66.4659413699992,6.169723347062245,262.9890922261402,766632,364.3839339070312,21673.25,30552,0.03125,20.59375,0.375,1
51,0.035522879858035594,0.04385742928402928,0.1871519237756729,1e-06,0.15322854145344608,146.24373726407066,68.40252904314548,3.7644798010587692,218.51147694513202,792990,453.63177891516364,22501.96875,30575,0.03125,24.125,0.28125,1
52,0.028309209999861196,0.044920754099551305,0.16058632731437683,1e-06,0.15073796005540074,170.26130740414374,69.36570783192292,4.3648509960621595,244.07385654794052,791596,405.40802443773623,22466.59375,30582,0.03125,20.46875,0.4375,1
53,0.029392037075012922,0.04248559356738742,0.19778677821159363,1e-06,0.15086121184561646,150.24250961397775,67.65775000606664,8.897280041826889,226.8842645601835,774448,426.6756894210315,21925.5625,30608,0.03125,23.09375,0.46875,1
54,0.035105919756460935,0.049757654507023595,0.2014765739440918,1e-06,0.1539737665300574,150.2441475901287,65.46840981510468,2.9826956891920418,218.78014693106525,764729,436.92778499741803,21635.0625,30573,0.03125,23.15625,0.5,1
55,0.028834383934736252,0.04154962479757766,0.16694971919059753,1e-06,0.14905489113818082,162.24910407909192,75.73547775996849,3.6716810120269656,241.7319892779924,851308,440.2127344330262,24313.0625,30572,0.03125,22.40625,0.34375,1
56,0.03836194716859609,0.04896538622247485,0.20187048614025116,1e-06,0.15244165541356575,136.2347625629045,67.86666792002507,7.000300663057715,211.1773350769654,783969,464.04660312757744,22215.28125,30606,0.03125,24.5,0.46875,1
57,0.0318512050434947,0.043480425041967204,0.21209603548049927,1e-06,0.14857736305693847,174.26455572387204,72.47100211307406,2.7905995829496533,249.60179775604047,815075,408.1876649766011,23185,30570,0.03125,24.65625,0.40625,1
58,0.029163890692871064,0.042942209706570096,0.17852795124053955,1e-06,0.1509659502035497,140.22654937882908,67.84057544800453,6.079080540919676,214.22806590306573,776268,452.9448538451814,21984.0625,30615,0.03125,24.9375,0.46875,1
59,0.032993863977026194,0.0422120793789093,0.17479702830314636,1e-06,0.15224576381582874,176.2693350580521,71.95015898207203,4.758667884860188,253.06350169098005,828007,408.99171278514353,23595.0625,30575,0.03125,25.1875,0.34375,1
60,0.02866860615904443,0.041259716637432574,0.17391568422317505,1e-06,0.12546931809492431,148.2410810510628,88.7991874020081,3.5215924300719053,240.64860586705618,841821,437.26671351726804,24015.1875,30568,0.03125,25.90625,0.34375,1
61,0.030250910931499675,0.04431033120490611,0.2022193968296051,1e-06,0.14770623823368909,156.25194449303672,77.09192394395359,3.499602659139782,236.93298909207806,859620,453.51430550788047,24585.90625,30564,0.03125,25.6875,0.46875,1
62,0.03867519402410835,0.049959016331870644,0.2330874800682068,1e-06,0.15293146603757188,146.2308414040599,70.33515929896384,3.486811405979097,220.13168279197998,814610,462.569716037758,23137.78125,30588,0.03125,28.5,0.4375,1
63,0.0305852837045677,0.04563315794803202,0.18702249228954315,1e-06,0.10329801522756407,188.27517880802043,114.88266892894171,5.521666330983862,308.757030953886,894335,362.0707021784276,25672.34375,30574,0.03125,25.46875,0.3125,1
64,0.03314450106699951,0.045882864722183773,0.17885786294937134,1e-06,0.15042114399809436,100.11631932295859,71.45268571097404,6.655282964929938,233.9103561558295,812295,434.0845641411311,23107.5,30593,0.03125,24.46875,0.53125,1
65,0.02901313579059206,0.037890006409725174,0.1860734522342682,1e-06,0.15010958434026542,286.3819327419624,85.26732086390257,3.564400321105495,375.63907467597164,959250,319.20600939460786,27699.46875,30608,0.03125,26.125,0,0
66,0.028289089823374525,0.03657721834523337,0.15004420280456543,1e-06,0.15295262169324217,190.3054649690166,74.66622555092908,3.9917687128763646,269.0517421520781,860142,399.61737151371784,24625.46875,30583,0.03125,24.0625,0.34375,1
67,0.02992086243466474,0.04133424547811349,0.1832781434059143,1e-06,0.15037050066471827,142.25645439792424,77.16861140890978,4.951213791966438,224.47301044198684,873775,486.5701884825368,25010.90625,30574,0.0625,24.53125,0.34375,1
68,0.0268930135644041,0.03685462030892571,0.15757325291633606,1e-06,0.15084289998207803,162.277799641015,80.54949616803788,8.248016196070239,251.1636564040091,912695,454.2332144443926,26244.46875,30593,0.03125,23.71875,0.25,1
69,0.032322115963324904,0.04264021879062056,0.18950915336608887,1e-06,0.1504191923106588,144.2477718719747,78.03729273099452,4.3511089601088315,226.72611306793988,883490,487.0910037914649,25330.375,30570,0.03125,26.59375,0.1875,1
70,0.03029673104174435,0.040325396911551556,0.19974620640277863,1e-06,0.15089182203000276,180.27282585017383,79.66870378586464,5.197404409991577,265.22326220409013,904040,426.07499455700946,25970.15625,30606,0.03125,26.96875,0.1875,1
71,0.030511233548168093,0.04293881659395993,0.21418242156505585,1e-06,0.15033848207460054,156.24060494382866,82.50521878711879,6.9561346240807325,245.7897629570216,930200,473.06689506158017,26788.03125,30600,0.03125,25,0.125,1
72,0.030007836205186322,0.037604968674713746,0.1704290360212326,1e-06,0.15037094884506028,162.25551612884738,84.07376140193082,7.600563521962613,254.02479632105678,948410,466.69164474071846,27380.5625,30604,0.03125,27.15625,0.09375,1
73,0.03448054031468928,0.04583003491695438,0.21269826591014862,1e-06,0.15065000165710662,154.23635820904747,77.14689825591631,6.318876778939739,237.79162728390656,874717,459.8127623284908,25006.8125,30576,0.03125,27.28125,0.34375,1
74,0.028787908871890977,0.0363320025925835,0.1691809445619583,1e-06,0.15151749924281038,180.27936660405248,81.0642483360134,5.868378754938021,267.3059213149827,921595,430.9645459153657,26547,30611,0.03125,25.03125,0.125,1
75,0.03231569315539673,0.04423094394927223,0.23043939471244812,1e-06,0.14875178870954736,138.25715023302473,78.2585753959138,5.725939302938059,222.33520625997335,876749,492.92069773175626,25105.5625,30594,0.03125,27.0625,0.28125,1
76,0.040956054523121566,0.051094179827487096,0.24202363193035126,1e-06,0.12714222540886583,190.28233831794932,96.09047316596843,4.875498875975609,291.33884579106234,919403,394.47322820253197,26432.6875,30568,0.03125,30.4375,0.125,1
77,0.03515859955223277,0.04531376231461763,0.20972171425819397,1e-06,0.15048860110842843,144.2284769390244,79.40562963788398,3.404637396102771,227.12435225606896,899144,494.85226433704344,25823.21875,30570,0.03125,29.90625,0.21875,1
78,0.03596200636820868,0.04938785263026754,0.24275289475917816,1e-06,0.15138885349779077,192.29211294092238,79.15868863393553,7.605447314213961,279.14869604981504,901630,403.74091512821406,25848.9375,30577,0.03125,29.625,0.25,1
79,0.04048199375392869,0.051693391345907,0.23964005708694458,1e-06,0.14978369028992738,150.23269197996706,81.34634217107669,4.399841109989211,236.0632740200963,916293,485.19459655655453,26363.96875,30584,0.03125,29.875,0.34375,1
80,0.035088934178929776,0.0473445076495409,0.21149267256259918,1e-06,0.15152313628045036,180.49866389483213,80.85989368800074,5.960508231073618,267.42835387797095,919652,429.8590569512135,26479.5,30615,0.03125,28.28125,0.25,1
81,0.039442045090254396,0.04815628447880348,0.1984260380268097,1e-06,0.15160763274856345,146.22552083083428,74.11742085497826,4.971691434970126,225.40047167404555,847497,469.995134496422,24169,30584,0.03125,29,0.21875,1
82,0.04368329263525084,0.05225919894874096,0.23285481333732605,1e-06,0.14914127667641902,194.32149351295084,75.11659327009693,5.802839396055788,275.33505119918846,846829,384.45386644006044,24174.5625,30606,0.03125,32.1875,0.125,1
83,0.048126381589099765,0.05865361978067085,0.23713168501853943,1e-06,0.1496690169112487,178.2613805308938,80.39520699391142,3.977056006900966,262.71971905906685,905923,431.0311209435343,26022.03125,30609,0.03125,31.71875,0.21875,1
84,0.0374528527026996,0.04976082895882428,0.20280499756336212,1e-06,0.1510747079921493,190.27715129591525,80.00560154905543,6.153426548000425,276.52228785306215,909345,411.0631583534443,26137.3125,30581,0.03125,30.375,0.125,1
85,0.040146764484234154,0.04927816279232502,0.22634607553482056,1e-06,0.1513495434439649,156.24547432688996,76.16164131299593,3.3881290769204497,235.88573060184717,868633,460.3039137762483,24861.03125,30572,0.03125,31.65625,0.1875,1
86,0.03774538397556171,0.04606196340173483,0.2245863676071167,1e-06,0.15050213937555348,208.27976345992647,80.25471588899381,4.441167016047984,293.0450924830511,907700,387.18443990513964,26085.5,30572,0.03125,30.125,0.15625,1
87,0.03572555450955406,0.04682314730598591,0.2113492339849472,1e-06,0.14908400314150194,146.24619539594278,81.28155109914951,4.34946714900434,231.96237482503057,911687,491.2903443326134,26202.125,30565,0.03125,32.21875,0.125,1
88,0.044929310330189764,0.05431576759244005,0.23903781175613403,1e-06,0.150722467548726,210.29625649680384,77.65981446998194,4.112927199108526,292.15011398494244,880740,376.8353826679466,25263.28125,30594,0.03125,31.5,0.21875,1
89,0.048058222157123964,0.058039017487317324,0.272007554769516,1e-06,0.14944992670836926,152.23662502411753,73.23529396788217,4.27330641518347,229.82544786599465,826171,449.346997727662,23548.9375,30570,0.03125,31.4375,0.25,1
90,0.03668049309635535,0.047193505422910675,0.19536982476711273,1e-06,0.12724521534655256,212.3034800409805,96.92631865409203,3.8974643901456147,313.20982755115256,926094,369.59807712640855,26668.375,30581,0.03125,28.90625,0.1875,1
91,0.042236675100866705,0.04973756615072489,0.22123393416404724,1e-06,0.15304912128036624,122.23822473501787,81.25797799904831,3.206849010195583,206.8028027850669,932397,563.5785561433212,26850.125,30582,0.03125,31.3125,0.21875,1
92,0.042314836697187275,0.047195092278222245,0.2648369073867798,1e-06,0.15000752091427963,218.3368915040046,81.89826452103443,6.542863039067015,306.86974636116065,922464,375.7555163626065,26528.125,30611,0.03125,31,0.125,1
93,0.03956166817806661,0.04897459677886218,0.22155003249645233,1e-06,0.1504784788302566,552.7409837979358,82.33241621521302,3.385158214950934,638.5366554378998,930066,182.06981386255998,26787.4375,30588,0.03125,33.4375,0,0
94,0.037756544290459715,0.0467554344504606,0.22119876742362976,1e-06,0.15005559270122765,214.30208976217546,86.83381574694067,6.758969343965873,307.98116520093754,974987,395.71697483670994,28192.78125,30593,0.03125,31.84375,0.03125,1
95,0.04400496341986582,0.05144255391011635,0.381438285112381,1e-06,0.1509188631869788,186.26330911414698,80.95001873886213,3.8643634349573404,271.15016614994965,917119,422.7910925807902,26391.25,30583,0.03125,30.03125,0.125,1
96,0.04089579725405201,0.05241199670126662,0.21406157314777374,1e-06,0.14988818675789137,160.45645964611322,86.95871571195312,3.252039676066488,250.796220760094,974345,485.62583850298347,28175.625,30578,0.03125,28.78125,0.1875,1
97,0.04076364648062736,0.054109559611727795,0.23861324787139893,1e-06,0.15245777339848207,172.24867767700925,79.62600331706926,9.76341077289544,261.71825418109074,911768,435.47210857191504,26212.6875,30577,0.03125,28,0.3125,1
98,0.043281069316435605,0.05344252809882164,0.28616490960121155,1e-06,0.15020431635210138,150.2821896900423,81.36869115405716,5.880992778809741,237.60799079202116,917192,482.5132337420106,26416.4375,30593,0.03125,33.1875,0.1875,1
99,0.05297024923493154,0.06341616067220457,0.28460535407066345,1e-06,0.09083044924163822,206.30124768381938,126.27919721417129,5.160764034138992,337.8197255830746,865439,320.22959823699534,24759.78125,30563,0.0625,34.875,0.1875,1
100,0.04015693240216933,0.05011215293779969,0.22388078272342682,1e-06,0.15097563586408658,140.2380183439236,83.17393228504807,4.675935562932864,228.17143100197427,942106,516.1174187445976,27151.875,30570,0.03125,31.4375,0.375,1
101,0.04654222808312625,0.054283831951518854,0.25539717078208923,1e-06,0.15080238892059095,174.28565869899467,80.73544312198646,8.027981505962089,263.1399972450454,914785,434.55242911443423,26322.71875,30609,0.03125,34.1875,0.21875,1
102,0.03771972208051011,0.04657206377014518,0.2362527698278427,1e-06,0.1510258090069838,198.27314176410437,84.24692131811753,3.920726602897048,286.51751817483455,952430,415.51996805777424,27461,30593,0.03125,30.65625,0.15625,1
103,0.045537961123045534,0.053590858791721985,0.2535878121852875,1e-06,0.1510870418450046,154.2449314140249,83.61729831504636,6.936515687964857,244.8912106298376,942924,481.2973879171115,27166.3125,30578,0.03125,33.1875,0.09375,1
104,0.040735282585956156,0.04703913660099109,0.2335934340953827,1e-06,0.1512643328652587,210.30932376696728,80.8373425679747,5.361288503045216,296.5950738149695,917785,386.8005072517485,26381.96875,30562,0.03125,31.1875,0.1875,1
105,0.045451640093233436,0.0568146844743751,0.274051696062088,1e-06,0.14973857325297973,322.38979169214144,84.35822184104472,3.774208430899307,410.60634966311045,946968,288.2834132913913,27333.03125,30606,0.03125,34.53125,0,0
106,0.04139771847985685,0.0482611577026546,0.2238691747188568,1e-06,0.15241767471386863,238.32564707496203,81.71263211104088,11.39678638591431,331.51158569101244,933962,352.1603920920374,26906.15625,30566,0.03125,30.875,0.15625,1
107,0.04696460085688159,0.0544313150147597,0.25447577238082886,1e-06,0.14991559278843283,346.433284153929,81.7475589569658,3.753311550943181,432.01473241415806,919589,266.07570616319305,26464.125,30572,0.03125,30.78125,0,0
108,0.05304175615310669,0.06103005638578907,0.29226964712142944,1e-06,0.15076113102059474,168.25561658898368,84.43719612783752,4.447636083001271,257.2271499300841,953588,463.3978179690552,27507.0625,30623,0.03125,36.40625,0.1875,1
109,0.0493271354935132,0.05589477342242996,0.2640440762042999,1e-06,0.15210101129768136,230.32744727795944,83.11313814902678,8.999308458995074,322.53021161002107,947086,367.05321157058927,27320.09375,30608,0.03125,35.59375,0.125,1
110,0.05100543284788728,0.05934327511737744,0.26589033007621765,1e-06,0.15056862704641205,392.5021647431422,79.3415682760533,7.236922862939537,479.1604678099975,898366,234.35937967346854,25765.1875,30582,0.03125,29.5625,0,0
111,0.052064008137676865,0.06180453335400671,0.26399508118629456,1e-06,0.15006881462568067,422.5713541540317,83.17408930789679,4.242515508085489,510.0712747029029,936536,229.51106209262045,27009.0625,30594,0.03125,34.09375,0.03125,1
112,0.053137836628593504,0.06196620911359787,0.27631035447120667,1e-06,0.15101011474343584,180.5161956420634,79.8384525750298,9.615881253033876,270.0847084589768,904824,418.7686176138299,25984.71875,30553,0.03125,30.65625,0.1875,1
113,0.05576416989788413,0.06149366998579353,0.27906930446624756,1e-06,0.15020039052391704,176.2543055061251,85.09731717105024,7.450924942968413,268.8820962749887,957710,445.2276728665765,27652.5625,30587,0.03125,30.5625,0.09375,1
114,0.04580861626891419,0.055591097833322625,0.2544831931591034,1e-06,0.15102760173798432,170.25585978408344,75.9474576311186,10.360980441095307,256.64453771919943,863663,420.6513645660331,24693.78125,30577,0.03125,30.09375,0.28125,1
115,0.042167041305219755,0.05062785855261609,0.24462983012199402,1e-06,0.15115787733312347,178.29458701889962,86.56098074885085,6.020971931051463,270.97167889401317,978744,451.49736865251066,28309.5,30574,0.03125,34.25,0.09375,1
116,0.047559774277033284,0.058370137587189674,0.2599739134311676,1e-06,0.1508260743951307,196.2802082488779,83.47288118000142,4.348994224099442,284.18774338485673,944373,415.38253407409354,27236.28125,30604,0.03125,29.0625,0.15625,1
117,0.05913485412020236,0.06600071489810944,0.33247560262680054,1e-06,0.1498632622461756,180.25601401994936,83.28411765699275,11.468993905931711,275.08644041605294,935846,425.2508768628258,26951.59375,30606,0.03125,36.59375,0.15625,1
118,0.054340721922926605,0.06377751299490532,0.299071341753006,1e-06,0.1503874632290327,214.292722501792,75.95741334510967,3.3502155588939786,293.680361822946,860956,366.4511284717146,24635.4375,30611,0.03125,33.8125,0.28125,1
119,0.05258502915967256,0.05934176078687112,0.26947763562202454,1e-06,0.15152380186177125,540.6429705070332,79.81110869604163,11.57983194803819,632.1123450000305,908991,179.75265931563877,26133.21875,30584,0.03125,33.5,0,0
120,0.048544262535870075,0.05678880866616964,0.2664942443370819,1e-06,0.15115664322593364,226.30194885097444,86.33269371395,10.222865415038541,322.9439455529209,976626,378.01684063463887,28253.90625,30587,0.03125,32.25,0,0
121,0.044119143625721335,0.05070673685986549,0.23570378124713898,1e-06,0.15002039680991358,224.3161535768304,88.92664083698764,3.8523036220576614,317.1864677160047,996851,392.84896325264185,28875.84375,30583,0.03125,30.46875,0.0625,1
122,0.04659861041000113,0.05275859454025825,0.262498676776886,1e-06,0.15237783151309955,282.36628780094907,81.24795783008449,8.904591569909826,372.6006873459555,928528,311.5023775901788,26736.5625,30566,0.03125,29.75,0,0
123,0.05250028497539461,0.05934832120935122,0.2612553536891937,1e-06,0.15080910523477892,564.6730389920995,82.6657441270072,9.018548294901848,656.4398936878424,934615,177.97040692282303,26913.90625,30609,0.03125,30.84375,0.15625,1
124,0.05167071567848325,0.05960774241248146,0.25227120518684387,1e-06,0.15025641215403712,154.2432541931048,85.64111041510478,6.6165119430515915,246.59269245690666,963224,488.26669922930114,27823.9375,30588,0.03125,30.65625,0.09375,1
125,0.05134145310148597,0.05879256377617518,0.2761068344116211,1e-06,0.1522466017886318,188.2691725511104,77.26819888781756,4.256793907145038,269.89569446095265,885950,410.3205507638134,25396.09375,30596,0.03125,29.6875,0.1875,1
126,0.047455649328185245,0.05498018463452657,0.24735522270202637,1e-06,0.1498928406120619,162.24323657806963,82.74039070098661,4.541877924930304,249.6017778920941,930062,465.77292430288554,26778,30572,0.03125,29.71875,0.125,1
127,0.0463082836358808,0.056629999016877264,0.2616640329360962,1e-06,0.10337437058870251,436.5527733939234,118.93416922702454,3.946761359926313,559.5194534219336,923155,206.23836096183257,26579.34375,30575,0.03125,35.46875,0.09375,1
128,0.05065686063608155,0.056334140400091805,0.2661466598510742,1e-06,0.15291354487582304,176.21112130396068,81.78655804693699,4.414234013995156,318.1511827709619,937359,368.28363792175804,26983.03125,30582,0.03125,32,0.3125,1
129,0.045374848537903745,0.053739685856271535,0.2461165338754654,1e-06,0.1495989738119188,326.43131107394584,89.1722840978764,4.750939358025789,420.76645253784955,996463,296.0261547676393,28863.40625,30609,0.03125,32.25,0,0
130,0.05495598893321585,0.0648417891934514,0.2817504405975342,1e-06,0.15067180475206837,182.2678402280435,89.1353312251158,7.108325308887288,278.5920430480037,1003274,450.15373959690214,29058.5,30570,0.03125,31.40625,0.15625,1
131,0.050252756220288575,0.0589725625468418,0.28341084718704224,1e-06,0.1505564203868858,156.23396475194022,82.12531568109989,5.923436512006447,244.3744250559248,928376,474.87375151242924,26700.09375,30578,0.03125,32.21875,0.09375,1
132,0.056805781670846045,0.06509035229682922,0.2935672104358673,1e-06,0.14974582777153003,190.28295136685483,75.45297137205489,6.798581829993054,272.6204061359167,852761,391.0020035215423,24344.875,30548,0.03125,34.125,0.15625,1
133,0.050782986683771014,0.05815522167831659,0.26598307490348816,1e-06,0.15082833924040034,222.34759852313437,80.32455152692273,3.407363072037697,306.1646979500074,909149,371.1846132520363,26146.6875,30564,0.03125,31.0625,0.125,1
134,0.051908490364439785,0.05644138014564912,0.2558268904685974,1e-06,0.1514251980090334,322.40673303208314,83.31955092796125,9.1924355099909,415.0043401469011,945337,284.73708240779314,27287.34375,30603,0.03125,33.8125,0,0
135,0.05582321295514703,0.06192833613604307,0.2870922088623047,1e-06,0.15242297658529336,438.55913663702086,76.7989894549828,4.7234206579159945,520.1709609141108,881504,211.83035632431998,25263.09375,30581,0.03125,33.375,0.15625,1
136,0.05841575638623908,0.06696757982717827,0.29596975445747375,1e-06,0.14898572929446455,170.27138868789189,83.25538133806549,4.5475357989780605,258.1540318930056,931098,450.84420780318396,26816.65625,30563,0.03125,34.25,0.09375,1
137,0.05813582974951714,0.06567067885771394,0.2995314598083496,1e-06,0.15063941713703657,216.30280457995832,83.6463823360391,8.707925277063623,308.7463014118839,945959,382.983940080484,27291.4375,30587,0.03125,35.03125,0.09375,1
138,0.05808328170678578,0.06395134137710556,0.28416702151298523,1e-06,0.15108696249252043,348.4367251591757,84.47031216905452,5.837151777930558,438.834613770945,956148,272.3543135601061,27600.0625,30581,0.03125,33.40625,0,0
139,0.05943189392564818,0.07142111100256443,0.30211442708969116,1e-06,0.14993376042093476,234.36601556418464,84.48529083002359,8.416051079984754,327.35984459798783,949785,362.66856475875096,27380.96875,30572,0.03125,30.9375,0.15625,1
140,0.056299562042113394,0.06358147983749708,0.3494752049446106,1e-06,0.1510102822284876,516.6479531750083,79.46445149206556,4.988945171935484,601.1898668631911,901435,187.4272691719232,25872.9375,30593,0.03125,34.3125,0,0
141,0.07045052340254188,0.07586076122242957,0.3622780740261078,1e-06,0.15024190583242542,200.281861865893,83.7756970289629,4.416504194959998,288.5580485940445,944604,409.1914974311236,27250.46875,30571,0.03125,39.125,0,0
142,0.055775960674509406,0.06336232693865895,0.2999946177005768,1e-06,0.15004601960015004,464.56668998720124,77.8499698669184,6.939574609976262,549.4420720660128,878664,199.89914421188354,25190.875,30587,0.03125,29.78125,0.28125,1
143,0.05437812540913001,0.06094883108744398,0.28478774428367615,1e-06,0.15091220706057526,194.28775089303963,87.07927289302461,5.943586494075134,287.40352658508345,983014,427.540856787724,28447.65625,30575,0.03125,33.53125,0.0625,1
144,0.057244972442276776,0.06069672293961048,0.31133368611335754,1e-06,0.15100858424091748,184.89745066291653,83.28916970221326,5.255982473026961,273.5655642161146,941916,430.38859930114137,27151.5,30574,0.03125,33.9375,0.09375,1
145,0.060511204006616026,0.06992975698085502,0.2955035865306854,1e-06,0.14944951646207125,178.2577600381337,82.81271328986622,4.058768423972651,265.2079263429623,929309,438.00962739620087,26775.78125,30587,0.03125,34.96875,0.09375,1
146,0.06198232219321653,0.06812154681732258,0.27941444516181946,1e-06,0.15064288841766085,326.4308703080751,80.01993963401765,5.823780388105661,412.3635259331204,906170,274.68784913428794,26044.9375,30575,0.03125,33.96875,0.15625,1
147,0.061004626913927495,0.06653893236070871,0.31573978066444397,1e-06,0.15171843190248374,274.3594021559693,80.96620088117197,6.369689915096387,361.78466018498875,920948,318.19618869726895,26520.59375,30578,0.03125,36.9375,0,0
148,0.060552333772648126,0.07060461468063295,0.3128472566604614,1e-06,0.148715535384334,218.30649631400593,82.26860233186744,7.733197811990976,308.3867608299479,919294,372.62218939212244,26460.4375,30603,0.03125,33.71875,0.125,1
149,0.06105393776670098,0.07040246709948406,0.31519877910614014,1e-06,0.14967210418541266,378.4604858281091,82.31092603714205,3.7596162068657577,464.6140633269679,924674,248.77475548702589,26609.90625,30567,0.03125,32.96875,0,0
150,0.05978616722859442,0.06778547738989195,0.3309592008590698,1e-06,0.15023761922723275,186.25921073183417,79.38290832703933,4.256086755078286,269.97276041586883,896974,415.3076400274105,25713.84375,30578,0.03125,30.21875,0.15625,1
151,0.05106396076735109,0.0605899968650192,0.2779267430305481,1e-06,0.14931115050968072,208.2916370520834,81.93701962102205,9.684245540061966,299.99105215701275,918852,382.86641942868715,26437.5,30538,0.03125,32.3125,0.15625,1
152,0.058146448456682265,0.06481096943219503,0.28913232684135437,1e-06,0.15150193765887526,160.24317488190718,81.60406388691626,8.023664123145863,249.9472533450462,927686,463.9408853191876,26682.6875,30548,0.03125,33.625,0.125,1
153,0.06345092656556517,0.071470863252346,0.3452049493789673,1e-06,0.14936118070807236,196.26820188295096,74.36850135494024,6.084124283166602,276.78874886385165,837638,378.2839816639467,23903.71875,30609,0.03125,28.4375,0.25,1
154,0.061670126277022064,0.06772133968770504,0.31843817234039307,1e-06,0.14998650368925362,426.5376372409519,79.7750299051404,7.11809642217122,513.5068755568936,899502,218.9605540881264,25812.96875,30623,0.03125,35.25,0.09375,1
155,0.05626142560504377,0.06590090312861971,0.2909037172794342,1e-06,0.15119067642736891,146.22969418903813,75.83697235910222,6.691698050126433,228.8318467179779,861689,470.69988965630193,24654.3125,30584,0.03125,27.09375,0.1875,1
156,0.062906289473176,0.06934861658761898,0.32444268465042114,1e-06,0.15096480508805493,204.2764150921721,83.38153075613081,6.433952119899914,294.1696503129788,943495,400.9144888825964,27213.4375,30594,0.03125,34.3125,0.15625,1
157,0.049259517807513475,0.0573070622922387,0.2433518022298813,1e-06,0.15213384823138268,176.24980116798542,87.75648791203275,4.254696991061792,268.3382485450711,997967,464.88294410644636,28880.875,30593,0.03125,35.03125,0.0625,1
158,0.06046491221059114,0.06684139417484403,0.32435154914855957,1e-06,0.1487242484057297,190.27605198300444,75.61722988309339,4.727294090902433,270.6976153620053,847987,391.57483843456777,24206.15625,30583,0.03125,31.96875,0.28125,1
159,0.056378081324510276,0.06422950641717762,0.2960575520992279,1e-06,0.14918949353039032,190.61631675902754,86.76579369208775,3.9371477279346436,281.4019105550833,968707,430.30402587226723,27996,30572,0.03125,33.65625,0.125,1
160,0.05361366382567212,0.06070257294923067,0.28400692343711853,1e-06,0.15113386193691608,192.4897582901176,80.09788150689565,5.039117309963331,277.7476466668304,909747,409.430561751653,26164.40625,30564,0.03125,31.96875,0.125,1
161,0.06318816635757685,0.07060574144124984,0.32237759232521057,1e-06,0.14884139029090096,418.52892715903,78.06599192181602,2.865062224911526,499.5513488370925,875662,219.1121098057429,25103.34375,30576,0.03125,35.46875,0.1875,1
162,0.06569913530256599,0.07093600655595461,0.3275403082370758,1e-06,0.15039076388156644,228.3538146908395,77.31605404498987,5.147527797147632,310.8980419500731,875032,351.8163038722679,25085.84375,30581,0.03125,30.875,0.0625,1
163,0.073030791914789,0.08127674854432161,0.37042927742004395,1e-06,0.150945842912669,150.23302352102473,68.71231136796996,11.025174149079248,230.0503960920032,785276,426.6869419374676,22257.21875,30564,0.03125,29.15625,0.40625,1
164,0.07063381763873622,0.07471766821773988,0.35012921690940857,1e-06,0.1506510264759146,198.30035479203798,76.58201821497642,5.330146873835474,280.3015784758609,868691,387.39123621935397,24840.15625,30583,0.03125,33.40625,0.15625,1
165,0.06124498508870602,0.06784174498170614,0.3403661549091339,1e-06,0.15050267268841816,194.27615070296451,75.9781522389967,4.736713215010241,275.07275341590866,859473,390.5662180854391,24565,30608,0.03125,30.53125,0.28125,1
166,0.06279641878791153,0.07107646819204091,0.33167216181755066,1e-06,0.1496541024709454,170.2770304379519,77.20962258591317,6.643884630873799,254.22380396793596,871049,428.2884737801054,24947.71875,30577,0.03125,33.78125,0.1875,1
167,0.06613311788532883,0.07088367095483201,0.34863924980163574,1e-06,0.1525751674499406,216.29245333606377,75.67621860187501,4.273274264065549,296.3300345169846,869232,366.66549908484666,24888.84375,30561,0.03125,31.34375,0.25,1
168,0.05443051384645514,0.06604764324923357,0.29859447479248047,1e-06,0.14896263265136162,320.4022099499125,79.5925577650778,7.29601098713465,407.3644389740657,890693,273.30963223102566,25563.84375,30573,0.03125,27.21875,0,0
169,0.06540424982085824,0.07069205231964588,0.31017911434173584,1e-06,0.152184442884476,210.30370465107262,78.33194670290686,4.9863055110909045,293.713045621058,895805,381.2415780280609,25711.78125,30593,0.03125,33.90625,0.125,1
170,0.059276290936395526,0.06549414390077193,0.5200057029724121,1e-06,0.15060350007067932,164.2755608370062,79.58321429113857,3.8841026411391795,247.83672365010716,900856,454.3596216958435,25860.46875,30581,0.03125,29.78125,0.21875,1
171,0.054869688232429326,0.06064794225884335,0.2810520529747009,1e-06,0.14982714848096282,186.2895971830003,78.55937738995999,5.576393830822781,270.5266022339929,884154,408.5337600344605,25347.4375,30574,0.03125,28.25,0.1875,1
172,0.05841897177742794,0.06445252746343613,0.29682275652885437,1e-06,0.15089569253988708,156.23152724606916,79.35511023597792,4.818473649211228,240.4890811308287,900942,468.2863332940039,25866.6875,30604,0.03125,30.78125,0.15625,1
173,0.06960172427352518,0.07485137234574982,0.3508157730102539,1e-06,0.1492975381751962,192.2764672958292,73.89122621202841,5.559869549004361,271.80337604298256,832583,382.89765386704426,23727.84375,30571,0.03125,33.65625,0.28125,1
174,0.060327432642225176,0.06665185621629159,0.3147366940975189,1e-06,0.14955749660844686,192.27143700793386,84.2398110658396,4.379589154850692,280.97702506300993,942693,419.3817091400081,27159.84375,30609,0.03125,30.1875,0.15625,1
175,0.06052565423306078,0.06592022408066052,0.31061995029449463,1e-06,0.15273141713395838,158.25842542690225,77.10481965797953,4.4017317378893495,239.85099005210213,884833,461.13682906196794,25356.4375,30588,0.03125,32.375,0.21875,1
176,0.06130998642765917,0.06958903347452482,0.34292638301849365,1e-06,0.15024300662296403,354.6342997380998,79.74110638396814,3.7944013059604913,438.28450230602175,900116,256.7156707755079,25871.6875,30570,0.03125,30.5,0.1875,1
177,0.061138553894124925,0.06618032443026702,0.3389907777309418,1e-06,0.1516447550675297,196.27188469516113,80.3063282368239,4.99652969208546,281.6605843179859,913564,405.4365657037652,26265.90625,30583,0.03125,31,0,0
178,0.06450805149506778,0.06944219422127519,0.3868659734725952,1e-06,0.1503389803661437,204.28151250514202,73.00028485804796,7.104620781028643,284.46401370712556,827542,363.6409001333333,23582.375,30584,0.03125,29.59375,0.28125,1
179,0.06925299303838983,0.07282733904818693,0.3259323835372925,1e-06,0.14927533370413767,158.23702497896738,80.88353713601828,5.641491451999173,244.83850664296187,906381,462.7443066593171,26030.875,30581,0.03125,34.53125,0.15625,1
180,0.05474571121158078,0.062319073418620974,0.27355146408081055,1e-06,0.1290313768242565,228.35636323085055,99.52507822494954,6.298630628036335,334.275227015838,961452,359.52858688599673,27752.84375,30573,0.03125,30.96875,0.125,1
181,0.06626785086700693,0.07224424685617643,0.3770330548286438,1e-06,0.1502150039822039,278.5946673229337,71.83625351404771,6.587260965956375,357.1014659469947,814499,285.107692655376,23159.96875,30581,0.03125,30.46875,0,0
182,0.06310340214986354,0.06630855392930764,0.31866008043289185,1e-06,0.15020701901774547,232.31635027797893,76.58473480306566,3.590039870934561,312.57240110915154,866466,346.50612023221566,24804.28125,30564,0.03125,30.65625,0.09375,1
183,0.06616054457845166,0.07067936257226393,0.31957757472991943,1e-06,0.151754120275667,304.4022381550167,86.76176919788122,5.312162651214749,396.5728893310297,985236,310.54694688723345,28529.25,30593,0.03125,33.59375,0,0
184,0.062214516452513635,0.07210964130769883,0.3936048448085785,1e-06,0.1516237988370125,434.5411093200091,70.29436060599983,4.353143460815772,509.27088268101215,806108,197.85835677378478,22928.59375,30623,0.03125,30.46875,0.46875,1
185,0.06246639846358448,0.06943380992327418,0.33434998989105225,1e-06,0.14981916223137562,174.26025473093614,75.648602303816,5.083036073949188,255.0611904480029,853050,418.06144561901897,24393.90625,30587,0.03125,32.6875,0.21875,1
186,0.05870134150609374,0.06934621737649044,0.32642635703086853,1e-06,0.15165626598031554,384.47159862704575,75.01150397909805,8.749828238971531,468.30930777895264,857917,228.99315306929225,24525.5625,30572,0.03125,29.6875,0.25,1
187,0.06419046549126506,0.07232084944844246,0.3531251549720764,1e-06,0.14972953510753936,448.5469407381024,76.4633632490877,4.500634378986433,529.5818310398608,863379,203.78791090337998,24686.09375,30568,0.03125,34.6875,0.0625,1
188,0.058712753059808165,0.0656799233651587,0.29834091663360596,1e-06,0.15048811415966548,144.22538201790303,75.69830201519653,3.8104787380434573,223.81608478398994,856973,478.6145066534675,24472.59375,30608,0.03125,31.875,0.25,1
189,0.058885817998088896,0.06316033148517211,0.31444987654685974,1e-06,0.15201478274833935,440.54660702799447,76.99580298596993,3.705902589019388,521.3223655591719,881338,211.32270026787415,25284.96875,30609,0.03125,33.8125,0.09375,1
190,0.055257707776036114,0.06659376906851927,0.3035512864589691,1e-06,0.15009974344615992,132.26830936479382,80.33059692010283,3.3503394927829504,216.03345604497008,905158,523.7371658603078,25998.6875,30600,0.03125,32.5625,0.1875,1
191,0.057704313134308904,0.06377505026757717,0.3086068332195282,1e-06,0.15032635278202525,236.35223127901554,82.37537172879092,8.58120932802558,327.39764901506715,928251,354.40503421165414,26725.4375,30605,0.03125,35.125,0.1875,1
192,0.059773878834676,0.06661660416284576,0.2964728772640228,1e-06,0.15227107852125613,610.6756289598998,82.8785462740343,8.030679943971336,776.4049057390075,946386,152.36669568361353,27281.875,30577,0.03125,32.53125,0,0
193,0.06791575526585802,0.07467371611190694,0.33736559748649597,1e-06,0.14847398320453353,590.7149320549797,76.82341906800866,8.33609555894509,676.3048925981857,858202,158.61965686493363,24517.84375,30572,0.03125,30.59375,0,0
194,0.06438981543760747,0.06854199664667249,0.33963990211486816,1e-06,0.15010581252352692,184.27528077596799,76.01032737991773,7.398330042138696,267.78233484807424,858826,400.89743059752857,24580.28125,30581,0.0625,31.5625,0.21875,1
195,0.06490294588729739,0.07042566061552082,0.3366672396659851,1e-06,0.15171872818526125,212.3221635860391,75.27557786786929,3.7857069179881364,291.4752816320397,858472,368.1581484342387,24551.5625,30581,0.03125,30.28125,0.3125,1
196,0.07035450008697808,0.07633816317788192,0.3807111978530884,1e-06,0.15011768374914425,152.23930271808058,74.05258086812682,3.711263135075569,230.0993117641192,837169,454.78677966353706,23904.125,30606,0.03125,33.65625,0.1875,1
197,0.06718934608943528,0.07162908700605233,0.3493629992008209,1e-06,0.15172684934166664,238.34104164503515,78.01322894496843,8.862498134141788,325.3136034118943,890163,342.04033840882926,25522.5625,30609,0.03125,29.03125,0.25,1
198,0.05947680393001065,0.06796792958630249,0.31565675139427185,1e-06,0.15031881488714277,324.4221972380765,82.55137855187058,6.324854712933302,413.3825865399558,931352,281.62531221848513,26812.96875,30608,0.03125,35,0,0
199,0.058230374299455434,0.06318622703353564,0.30556851625442505,1e-06,0.15000798984073205,398.5087172491476,81.78096815617755,5.498418655013666,485.87906016409397,920507,236.81484639642653,26445.46875,30566,0.03125,29.4375,0.21875,1
200,0.05361236241878942,0.06107033261408409,0.2762022316455841,1e-06,0.15185411904047125,164.24762036488391,80.89041296392679,4.022503206972033,249.24601115402766,921380,462.08362359238055,26521.3125,30578,0.03125,28.09375,0.15625,1
201,0.058877334580756724,0.06721601613486806,0.3221212923526764,1e-06,0.15065477781608752,180.24177711107768,80.60560447489843,5.803574295947328,266.72534468979575,912380,427.5840383021658,26244.71875,30584,0.03125,30.0625,0.125,1
202,0.06425956153543666,0.07304314018360206,0.34040990471839905,1e-06,0.14970457265060477,178.2652959751431,71.80407945788465,7.624210591893643,257.784245087998,811433,393.46518234803625,23075.40625,30567,0.03125,30.0625,0.375,1
203,0.05757251486647874,0.0631263105198741,0.3427991569042206,1e-06,0.1521753255282634,438.5851038910914,82.33599121007137,4.394793781917542,525.4005845419597,939060,223.41524439363383,27057.53125,30581,0.03125,33.40625,0.125,1
204,0.06134289689362049,0.07057053357129917,0.33036455512046814,1e-06,0.14926803641488726,166.27970245410688,82.5784942759201,5.905599812045693,254.85681516490877,925331,453.8484675214842,26578.09375,30561,0.03125,30.65625,0.25,1
205,0.0650816687848419,0.0705319879842656,0.3190171420574188,1e-06,0.14994071620678454,196.28083975194022,77.99666969198734,6.165038001956418,280.5301554580219,879196,391.756457770349,25216.9375,30570,0.03125,29.46875,0.21875,1
206,0.06669885874725878,0.07271094706707767,0.3818696439266205,1e-06,0.15189406970900216,156.27521342900582,75.92211831593886,3.712666755076498,236.0050268250052,867560,459.5029244034307,24837.1875,30605,0.03125,34.875,0.28125,1
207,0.0728155419928953,0.07677120635552066,0.3641963601112366,1e-06,0.14989377991977623,242.33595165307634,74.01117475912906,7.5687679869588464,323.9997649427969,838088,323.33665432904206,23933.5625,30555,0.03125,34.4375,0.1875,1
208,0.05860189924715087,0.0654075339303485,0.33289116621017456,1e-06,0.15054826637619895,410.7389061169233,77.65691225207411,3.676513737998903,492.19982447708026,876783,222.6694719292886,25129.96875,30583,0.03125,29.6875,0,0
209,0.05982650601072237,0.06474871393293143,0.2931765615940094,1e-06,0.1521539505533283,202.29562813206576,79.00199695304036,10.201711253961548,291.58547125710174,901631,386.5208870459283,25898.28125,30594,0.03125,30.9375,0.1875,1
210,0.06559678807388991,0.06999273616820574,0.3320649564266205,1e-06,0.15048703367918226,168.25606765015982,83.04193289298564,4.444732035975903,255.83559910813347,936614,457.6249372962182,26979.4375,30582,0.03125,35.25,0.09375,1
211,0.06266294204397127,0.06724698878824711,0.34451234340667725,1e-06,0.15284286527780636,224.3220372130163,81.02121503697708,5.37031145603396,310.80370974796824,928474,373.41655314897247,26735.78125,30554,0.03125,33.1875,0.15625,1
212,0.06540861917892471,0.07086993269622326,0.3212822377681732,1e-06,0.14914116434081737,368.46413091616705,79.26071055792272,4.918373615015298,452.7235247150529,889418,245.57427200182644,25493.75,30606,0.03125,33.625,0,0
213,0.06336087128147483,0.06723668692367417,0.33413568139076233,1e-06,0.15059804288362216,232.3229985400103,77.52816262491979,6.419127317843959,316.3549289680086,878122,346.9686733128157,25175.09375,30609,0.03125,30.875,0.21875,1
214,0.06757544405991212,0.07331014747420947,0.3439564108848572,1e-06,0.15139884981977922,324.4233982360456,77.67435064399615,4.011090098880231,406.18982910597697,884412,272.16708070540227,25344.8125,30578,0.03125,35.03125,0,0
215,0.05345884046982974,0.062415171414613724,0.31149742007255554,1e-06,0.1492803799227138,472.59947036998346,74.26732545206323,3.4583752050530165,550.4139217580669,835540,189.75264954491368,23810.03125,30553,0.0625,30.6875,0.375,1
216,0.05715742823667824,0.06327684161563714,0.2883854806423187,1e-06,0.1526526597927257,168.25880720093846,83.40696555702016,5.695018115919083,257.4479931090027,952433,462.4395147240198,27461.1875,30573,0.03125,31.59375,0.15625,1
217,0.05698788753943518,0.06387815358383316,0.3272436857223511,1e-06,0.1496129443065139,208.30782834091224,72.33029487589374,3.187315054005012,283.9121389449574,816050,359.28808954440706,23233.5625,30614,0.03125,30.28125,0.28125,1
218,0.06044703640509397,0.06576282742122809,0.3178124725818634,1e-06,0.14824748581939504,164.26199167990126,79.31758941011503,9.61703244689852,253.2949760449119,883823,436.16291457913127,25346.53125,30611,0.03125,32.46875,0.1875,1
219,0.06036359630525112,0.06539415021737417,0.33641529083251953,1e-06,0.15099512655992745,218.3408265861217,79.04741081106476,4.074503569863737,301.5535879060626,897645,372.0918254667006,25772.375,30581,0.03125,34.375,0.1875,1
220,0.06430121714947745,0.07173746799429258,0.3312138020992279,1e-06,0.14867487564063192,342.4590043220669,75.79883005702868,3.7934374129399657,422.1319365929812,851467,252.13296074924284,24340.34375,30565,0.03125,32.40625,0,0
221,0.06731885299086571,0.07292518721272548,0.3359628915786743,1e-06,0.1500139081231179,496.634503882844,79.87506862008013,5.358748500002548,581.9484159301501,900004,193.3169623293608,25840.90625,30568,0.03125,33.1875,0.15625,1
222,0.0687716054962948,0.07499311232407178,0.3645155727863312,1e-06,0.15145326610776497,128.24996669986285,71.28814484900795,3.4877101271413267,203.12138952477835,815600,501.91661369844724,23226.8125,30561,0.03125,30.5,0.375,1
223,0.06843740440672264,0.071960095440348,0.3606759309768677,1e-06,0.1506707780677538,246.3633736439515,79.64763417700306,7.572431884007528,333.67228902014904,901223,337.6153151069652,25862.4375,30558,0.03125,33.8125,0.09375,1
224,0.06295074743684381,0.06791630648076534,0.33921173214912415,1e-06,0.15019034085759628,316.66791924787685,82.85984754096717,4.198291607899591,403.82962250709534,933645,288.9971871688275,26914.40625,30571,0.03125,31.875,0,0
225,0.06290116719901562,0.0672733140444117,0.3526139259338379,1e-06,0.15234146176228955,466.58441100409254,77.02422983781435,4.416839020093903,548.1027225160506,881909,201.12767273614807,25253.09375,30564,0.03125,30.75,0.15625,1
226,0.06684006177238189,0.07215540955464045,0.31604427099227905,1e-06,0.15086150311549051,130.22031566989608,81.1019061729312,3.5207872421015054,214.9211020800285,918876,534.4263494295253,26445.34375,30565,0.03125,33.4375,0.1875,1
227,0.06023402977734804,0.06567760699739059,0.32970064878463745,1e-06,0.15137775726167235,482.57877011201344,79.89820925798267,4.567161571001634,567.1249002139084,907759,200.079162380635,26068.53125,30608,0.03125,32.28125,0.125,1
228,0.05548815301153809,0.06317782274757823,0.3257836103439331,1e-06,0.15067604785009747,132.21029387693852,79.07711845007725,5.042728001950309,216.40289743803442,894370,516.6116134466829,25692.21875,30581,0.03125,28.5,0.25,1
229,0.05635664926376194,0.06256179891240138,0.3281917870044708,1e-06,0.1501036772186716,212.295315902913,71.25377016887069,7.047796053113416,290.6707006020006,807279,347.16218315436737,22945.40625,30564,0.03125,29.1875,0.34375,1
230,0.06156017794273794,0.0679184836002865,0.3522226810455322,1e-06,0.1519168079561128,154.24329795781523,75.46798424981534,8.829767196904868,238.62442209012806,862938,452.0377631727012,24670.21875,30564,0.03125,32.4375,0.1875,1
231,0.0638471218990162,0.06838752559075753,0.3370453119277954,1e-06,0.15018276042321343,232.33567733108066,80.56444206903689,5.255972246872261,318.2388776410371,908034,356.6636824556333,26093.09375,30615,0.03125,34.6875,0.21875,1
232,0.06393084127921611,0.06898422340552011,0.32130196690559387,1e-06,0.14897954893003898,412.5105416579172,77.76160504692234,6.226295206928626,496.59463236900046,872556,219.63487498784448,25013.21875,30609,0.03125,34.34375,0,0
233,0.061986945918761194,0.06804222563902537,0.33198025822639465,1e-06,0.1496172869708615,204.29969553509727,79.1345519949682,11.123372638830915,294.6452381419949,889441,377.33555682451,25514.21875,30587,0.03125,29.5,0.15625,1
234,0.0671011577360332,0.07346266973763704,0.402767151594162,1e-06,0.1497551055398973,150.24284509010613,73.04161180416122,3.9274550271220505,227.29455193900503,827060,454.8393224477413,23562.125,30596,0.03125,34.28125,0.28125,1
235,0.06916931411251426,0.07358782671924148,0.3736976087093353,1e-06,0.15171245986577392,244.34231009799987,71.16239148494788,4.622079256922007,320.211175003089,815703,318.4238495081141,23225.5625,30600,0.03125,33.25,0.28125,1
236,0.06730392121244222,0.07222225032746792,0.32188117504119873,1e-06,0.14988908483903352,402.5026072389446,80.53904665703885,5.7381287950556725,488.8675150361378,905343,231.48986488012906,26009.65625,30578,0.03125,36.25,0,0
237,0.05884029745357111,0.06520685859556709,0.31360119581222534,1e-06,0.15051600191423106,438.5709267440252,73.87032163189724,7.899309017928317,520.4223970849998,838019,201.2833720968603,23917.34375,30594,0.03125,32.28125,0.3125,1
238,0.0635773380054161,0.06949181165546178,0.33866071701049805,1e-06,0.15189316162400585,194.37190656596795,80.37225813791156,4.000467488076538,278.8320597980637,915471,410.40429526961685,26341.21875,30570,0.03125,33.9375,0.21875,1
239,0.06339678302174434,0.06840918040169137,0.34218665957450867,1e-06,0.15007321826334172,216.31050310120918,76.66273452993482,3.6257956789340824,296.6857375728432,866740,365.1759632476415,24795.1875,30573,0.03125,33.375,0.28125,1
240,0.06506728424574248,0.0678809349735578,0.3364717662334442,1e-06,0.15013020324050574,374.7311218630057,81.23397182300687,5.223594940965995,461.3104903958738,915305,248.01760935853926,26286.25,30581,0.03125,34.75,0,0
241,0.058522230334347114,0.06303408810247978,0.3171924650669098,1e-06,0.15184141233979234,448.58327775797807,77.47629748191684,4.137980968924239,530.3104871020187,883302,208.20397236224994,25291.0625,30600,0.03125,29.40625,0.1875,1
242,0.06625974643975496,0.07113266163147412,0.39474794268608093,1e-06,0.15086710177121518,198.31484088790603,71.28918823297136,6.1593251009471714,275.89792498992756,812959,368.3241728030753,23142.9375,30554,0.03125,30.40625,0.375,1
243,0.058555169380269945,0.06525539581974348,0.3151111900806427,1e-06,0.15087872507075595,206.33396960096434,80.52459794888273,3.587382486090064,290.5474013790954,911080,391.96702314128464,26174.28125,30581,0.0625,30.09375,0.15625,1
244,0.058500688697677106,0.06356015565272953,0.3275003135204315,1e-06,0.1514143965430326,166.26303343498148,69.27038958994672,3.726859511109069,239.35133846313693,794001,414.6629203633459,22509.59375,30552,0.03125,34.15625,0.34375,1
245,0.06194899894762784,0.06770269599344049,0.32986170053482056,1e-06,0.15006931350448355,240.33988608582877,76.12056576902978,10.639160540886223,327.1899833770003,860347,328.68785862580813,24629.53125,30609,0.03125,31.625,0.21875,1
246,0.06326785321289208,0.07270123816228338,0.3464708924293518,1e-06,0.14996683830751345,382.49947176896967,71.53207312407903,4.933960786787793,459.07081462210044,808893,220.25278405736472,23000,30573,0.03125,28.15625,0,0
247,0.05889596522320062,0.06745614730087775,0.3466079831123352,1e-06,0.15224812968963497,178.27499565598555,75.07120724697597,5.724135962082073,259.1571881950367,859576,414.6016583539155,24585.71875,30581,0.03125,27.4375,0.25,1
248,0.06367196171777323,0.06832440706590812,0.3222566545009613,1e-06,0.14967822795769847,188.30152436019853,75.27714207093231,7.481885724002495,271.15423560584895,849638,391.6765296426338,24276.34375,30611,0.03125,30.15625,0.15625,1
249,0.06203343975357711,0.06752906772973281,0.3433338701725006,1e-06,0.15252222628382017,424.55620006402023,75.52882597013377,5.173841038020328,505.3428357860539,867759,214.6461121414269,24831.15625,30603,0.03125,30.5625,0.21875,1
250,0.06468996196053922,0.06869213742070965,0.3608243465423584,1e-06,0.1497279259186187,188.28626335412264,75.55622899904847,7.219780694926158,271.1574870410841,852714,393.08982821429623,24378.1875,30583,0.03125,30.3125,0.21875,1
251,0.06607998022809625,0.0699949315438668,0.3406365215778351,1e-06,0.1492427277301366,200.32733546802774,77.16438822890632,5.459874425083399,283.04458651388995,866668,382.74358585792527,24799.875,30574,0.03125,28.3125,0.15625,1
252,0.06661672634072602,0.07222836318292788,0.3801901638507843,1e-06,0.15193442007805594,426.5654341119807,74.00982279912569,4.497724730055779,505.1566248270683,846924,209.56965581960097,24195.46875,30571,0.03125,30.875,0.3125,1
253,0.059259172121528536,0.06640900814284881,0.3084750473499298,1e-06,0.149102936166953,144.23634638194926,78.04771387204528,5.433741775108501,227.80731724505313,875659,480.48226160468903,25082.71875,30594,0.03125,32.09375,0.21875,1
254,0.056471415286068805,0.0643169188988395,0.27998286485671997,1e-06,0.15020286853873555,244.3441653731279,84.52622878900729,7.635521700140089,336.59288435499184,951032,353.18334262415004,27453.625,30572,0.03125,30.53125,0.125,1
255,0.06238798936828971,0.06985074803233146,0.31662631034851074,1e-06,0.14679068423622504,596.7503828909248,83.94950830982998,9.271112743066624,690.0563938540872,923861,167.35244543566807,26581.5625,30572,0.03125,30.15625,0,0
256,0.06399550277274102,0.0697764021034042,0.3410877287387848,1e-06,0.15043942250891124,182.35169202601537,77.89182823104784,3.79540205700323,338.9178714151494,882076,325.32807886350804,25265.8125,30608,0.03125,31.90625,0.1875,1
